Category,Polls,MSE,RMSE,MAE
Overall,18180,0.014826730654705886,0.12176506335852615,0.08787199716287916
Category A,9090,0.016283006251211152,0.12760488333606654,0.09815880242775907
Category B,9090,0.015232097501381518,0.12341838396844093,0.09482956853330216
Category C,0,0.0,0.0,0.0
