Category,Polls,MSE,RMSE,MAE
Overall,48388,0.07521622303523141,0.2742557620820963,0.19190334308627305
Category A,16108,0.0169158400180824,0.13006090887765778,0.0997131594140494
Category B,16149,0.06644793474378743,0.2577749691955901,0.19780513306292946
Category C,16131,0.14956888125769172,0.3867413622276414,0.29726841799916126
