M,Total_Packets,MSE,RMSE,MAE,Category_A_Polls,Category_B_Polls,Category_C_Polls
1,1139,33576.1526430666,183.23796725315034,166.18982002936414,50,139,950
2,2236,3682.3506368874478,60.682375010273354,55.46699510916427,150,359,1727
5,4499,294.5143090206299,17.161419201820983,14.678020927893792,497,997,3005
10,4177,407.2725363075068,20.180994433067635,17.589282432044264,419,872,2886
